,AnalyzeDate,Direction,FromDate,LayerNum,RiskSentence,Sector,Threshold,ToDate,UseSentiment
0,20190120,downward,20120101,2,アナリストは施工不備問題,32,0.85,20190101,0
1,20190120,downward,20120101,2,155億円を貸倒引当金として追加計上,28,0.85,20190101,0
2,20190120,downward,20120101,2,アクリル樹脂原料のメタクリル酸メチル（ＭＭＡ）のマージン低下,7,0.85,20190101,0
3,20190120,downward,20120101,2,マイナス金利に転落したことで厳しい経営環境が続く,28,0.85,20190101,0
4,20190120,downward,20120101,2,ＯＰＥＣ加盟国と非加盟国による６月の合意は「既に失効」している,27,0.85,20190101,0
5,20190120,downward,20120101,2,繰り返しそうもない異常な気象パターン,27,0.85,20190101,0
6,20190120,downward,20120101,2,金属市況下落に伴う在庫評価損、酸化タンタルの低価法による損失５億円,13,0.85,20190101,0
7,20190120,downward,20120101,2,鉄鋼の主原料価格が下落傾向でも需給がタイトなため、支給材価格の据え置きは鉄鋼や自動車業界にとって痛み分けの状況,12,0.85,20190101,0
8,20190120,downward,20120101,2,電線メーカーのフジクラで発覚した検査不正について、競争が厳しい業界であり、今後の受注活動に悪影響が出るリスクはある,12,0.85,20190101,0
9,20190120,downward,20120101,2,西日本豪雨による物流費上昇で販管費率も悪化した,4,0.85,20190101,0
10,20190120,downward,20120101,2,アジアも競争激化で既存店が減速,27,0.85,20190101,0
11,20190120,downward,20120101,2,同社従業員が建設資金の借り入れ希望者の預金通帳を改ざん,3,0.85,20190101,0
12,20190120,downward,20120101,2,北海道地震の影響で、札幌や小樽、函館、旭川など北海道エリアのビジネスホテルが影響を受ける,33,0.85,20190101,0
13,20190120,downward,20120101,2,人口動態やプロダクトのライフサイクル、節約志向などを背景に食品のトップラインが切り下がり、利益は安定成長期から停滞期に移行,4,0.85,20190101,0
14,20190120,downward,20120101,2,シェアハウスを巡る不正融資問題,28,0.85,20190101,0
15,20190120,downward,20120101,2,台風21号が関西国際空港に甚大な被害をもたらすなど自然災害の影響,7,0.85,20190101,0
16,20190120,downward,20120101,2,一部のウエハーメーカーで能力増強計画は延期される可能性があり、キャンセルが検討されている計画もある,14,0.85,20190101,0
17,20190120,downward,20120101,2,米中貿易摩擦の具体的な影響が顧客に出ている感触はまだないが、センチメントには影響を与え、様子見モードが顧客に広がってきている,16,0.85,20190101,0
18,20190120,downward,20120101,2,時短営業によるマイナスの影響,27,0.85,20190101,0
19,20190120,downward,20120101,2,19年１月１日から中国で施行される新ＥＣ法が厳格に運営され、代購業者の売上高が大きく減少する,7,0.85,20190101,0
20,20190120,downward,20120101,2,バンク・オブ・アメリカ（ＢｏｆＡ）メリルリンチはルノー会長兼ＣＥＯのゴーン容疑者逮捕を受け、ルノーの投資判断を「バイ」から「ニュートラル」に引き下げ,17,0.85,20190101,0
21,20190120,downward,20120101,2,中国政府が電子商取引（ＥＣ）の規制を強化したことなどを受け、市場センチメントが低下している,7,0.85,20190101,0
